volcano_number	name	country	primary_volcano_type	last_known_eruption	latitude	longitude	summit_elevation_meters	summit_elevation_feet
214100	Tskhouk-Karckar	Armenia - Azerbaijan	Pyroclastic cone(s)	3000 BCE	39.742°N	45.992°E	3139	10299
234002	St. Paul	France	Stratovolcano	1793 CE	38.72°S	77.53°E	268	879
234040	Île de la Possession	France	Stratovolcano	Unknown - Evidence Credible	46.42°S	51.75°E	934	3064
241120	Rumble IV	New Zealand	Submarine	Unknown - Unrest / Holocene	36.13°S	178.05°E	-500	-1640
241130	Rumble III	New Zealand	Submarine	2008 CE	35.745°S	178.478°E	-220	-722
243010	Unnamed	Tonga	Submarine	1932 CE	21.338°S	175.65°W	-68	-223
243030	Unnamed	Tonga	Submarine	2017 CE	20.852°S	175.55°W	-296	-971
283001	Abu	Japan	Shield(s)	6850 BCE	34.5°N	131.6°E	641	2103
283003	Oki-Dogo	Japan	Shield	Unknown - Evidence Credible	36.176°N	133.334°E	151	495
283030	Fujisan	Japan	Stratovolcano	1708 CE	35.361°N	138.728°E	3776	12388
284011	Toshima	Japan	Stratovolcano	4550 BCE	34.52°N	139.279°E	508	1667
285040	Shikotsu	Japan	Caldera	1979 CE	42.688°N	141.38°E	1320	4331
290072	Odamoisan [Tebenkov]	Japan - administered by Russia	Stratovolcano	Unknown - Evidence Uncertain	45.028°N	147.918°E	1208	3963
306020	Ch'uga-ryong	North Korea - South Korea	Shield	Unknown - Evidence Uncertain	38.33°N	127.33°E	452	1483
314010	St. Paul Island	United States	Shield	1280 BCE	57.18°N	170.3°W	203	666
321050	St. Helens	United States	Stratovolcano	2008 CE	46.2°N	122.18°W	2549	8363
322070	Three Sisters	United States	Complex	440 CE	44.133°N	121.767°W	3159	10364
327120	Zuni-Bandera	United States	Volcanic field	1170 BCE	34.8°N	108°W	2550	8366
333050	Adams Seamount	Undersea Features	Submarine	50 BCE	25.37°S	129.27°W	-39	-128
334021	Northern EPR at 16°N	Undersea Features	Submarine	50 BCE	15.83°N	105.43°W	-2300	-7546
334050	Northern EPR at 9.8°N	Undersea Features	Submarine	2006 CE	9.83°N	104.3°W	-2500	-8202
334100	Southern EPR at 8°S	Undersea Features	Submarine	1969 CE	8.27°S	107.95°W	-2800	-9186
334130	Southern EPR-Segment J	Undersea Features	Submarine	1890 CE	18.175°S	113.35°W	-2650	-8694
341060	Michoacán-Guanajuato	Mexico	Pyroclastic cone(s)	1952 CE	19.85°N	101.75°W	3860	12664
353020	Wolf	Ecuador	Shield	2022 CE	0.02°N	91.35°W	1710	5610
355130	Nevados Ojos del Salado	Chile - Argentina	Stratovolcano	750 CE	27.109°S	68.541°W	6879	22569
344100	Masaya	Nicaragua	Caldera	2022 CE	11.985°N	86.165°W	594	1949
212040	Santorini	Greece	Shield(s)	1950 CE	36.404°N	25.396°E	367	1204
